{"cameraMode":{"drawMode":0,"name":"Shaded","section":"Shading Mode"},"sceneLighting":true,"audioPlay":false,"sceneViewState":{"m_AlwaysRefresh":false,"showFog":true,"showSkybox":true,"showFlares":true,"showImageEffects":true,"showParticleSystems":true,"showVisualEffectGraphs":true,"m_FxEnabled":true},"in2DMode":false,"pivot":{"x":106.13800048828125,"y":151.79000854492188,"z":121.80999755859375},"rotation":{"x":0.09486418962478638,"y":0.49387702345848086,"z":-0.05426385626196861,"w":0.8626815676689148},"size":3.6604981422424318,"orthographic":true}